{"train/learning_rate":0,"total_flos":7.24732789208064e+15,"_step":60,"_timestamp":1.7380872165783477e+09,"train/epoch":0.5504587155963303,"_wandb":{"runtime":333},"train_samples_per_second":1.283,"train_steps_per_second":0.16,"train/grad_norm":0.4518968164920807,"train_loss":1.1737978031237921,"train_runtime":373.9822,"train/global_step":60,"_runtime":331.693662522,"train/loss":1.0516}